stop_id,stop_name,stop_lat,stop_lon,zone_id,location_type,wheelchair_boarding,time_between,,,speed (m/min),,,
milliken,Milliken,43.82327,-79.30159,Milliken,,,0:02:30,,12200,0.0008,4880,292800,292.8
finch,Finch,43.80261,-79.29168,Finch,,,0:02:00,,,,,,
agincourt,Agincourt,43.78611,-79.28444,Agincourt,,,0:05:00,,,,,,
lawrence,Lawrence,43.75034,-79.26994,Lawrence,,,0:02:00,,,,,,
kennedy,Kennedy,43.7325,-79.2625,Kennedy,,,0:05:00,,,,,,
danforth,Danforth,43.68667,-79.29917,Danforth,,,0:02:00,,,,,,
gerrard_carlaw,Gerrard ,43.6674,-79.34263,Gerrard ,,,0:02:30,,,,,,
east_harbour,East Harbour,43.65449,-79.34829,East_Harbour,,,0:03:00,,,,,,
union,Union,43.64528,-79.38056,Union,,,0:01:25,,,,,,
SF,Spadina Fort,43.642198,-79.394641,Spadina_Fort,,,0:02:15,,,,,,
KLB,King Liberty,43.640924,-79.417212,KLB,,,0:05:35,,,,,,
BL,Bloor GO,43.656928,-79.450192,Bloor,,,0:02:22,,,,,,
STCL,St Clair Old Weston,43.674671,-79.467213,StCl_West,,,0:02:20,,,,,,
MTD,Mount Dennis GO,43.6875,-79.487222,Mount_Dennis,,,,,,,,,
